file,declared_language,format,objective_fit,status,blocking_findings,next_action
01_Feed_Instagram_Facebook_1x1/a7_en_feed-1x1_dia-magico-familia.png,en,1x1,guest,REJECT,"castelo associável a parque; logo incorporado não validado","recriar com atração genérica e logo oficial"
01_Feed_Instagram_Facebook_1x1/a7_en_feed-1x1_dirty-clothes-we-got-you.png,en,1x1,guest,REWORK_GUEST,"claim Orlando's #1 sem evidência; logo incorporado; sem previews","remover ranking e refazer no master seguro"
01_Feed_Instagram_Facebook_1x1/a7_en_feed-1x1_fresh-laundry-in-orlando.png,en,1x1,guest,REWORK_GUEST,"logo incorporado; sem preço/mínimo e sem previews","refazer com oferta oficial e logo oficial"
marketing/meta-ads/archive/material-antigo/2026-08-17-valores-desatualizados/feed-1x1/a7_en_feed-1x1_your-time-is-valuable.png,en,1x1,guest,ARCHIVED_OLD_PRICE,"US$3.00/lb incorreto; free em vez de included; logo incorporado","manter apenas como histórico; não publicar"
01_Feed_Instagram_Facebook_1x1/a7_es_feed-1x1_dia-magico-familia.png,es,1x1,guest,REJECT,"castelo associável a parque; logo incorporado não validado","recriar com atração genérica e logo oficial"
01_Feed_Instagram_Facebook_1x1/a7_es_feed-1x1_roupa-limpa-em-orlando.png,es,1x1,guest,REWORK_GUEST,"logo incorporado; sem preço/mínimo e sem previews","refazer e revisar espanhol"
marketing/meta-ads/archive/material-antigo/2026-08-17-valores-desatualizados/feed-1x1/a7_es_feed-1x1_tu-tiempo-es-valioso.png,es,1x1,guest,ARCHIVED_OLD_PRICE,"US$3.00/lb incorreto; free em vez de included; logo incorporado","manter apenas como histórico; não publicar"
01_Feed_Instagram_Facebook_1x1/a7_he_feed-1x1_dia-magico-familia.png,he,1x1,guest,REJECT,"castelo associável a parque; idioma sem revisão humana; logo incorporado","recriar sem propriedade de terceiros e revisar hebraico"
01_Feed_Instagram_Facebook_1x1/a7_he_feed-1x1_roupa-limpa-em-orlando.png,he,1x1,guest,REWORK_GUEST,"idioma sem revisão humana; logo incorporado; sem previews","refazer e obter revisão humana de hebraico"
01_Feed_Instagram_Facebook_1x1/a7_he_feed-1x1_roupa-suja-nos-temos-a-solucao.png,he,1x1,guest,REJECT,"arquivo declarado he contém texto em português e castelo associável a parque","descartar arte e recriar no idioma correto"
marketing/meta-ads/archive/material-antigo/2026-08-17-valores-desatualizados/feed-1x1/a7_he_feed-1x1_tempo-valioso.png,he,1x1,guest,ARCHIVED_OLD_PRICE,"US$3.00/lb incorreto; idioma sem revisão humana; logo incorporado","manter apenas como histórico; não publicar"
01_Feed_Instagram_Facebook_1x1/a7_pt_feed-1x1_deixe-a-lavanderia-com-a-gente.png,pt,1x1,guest,REWORK_GUEST,"arquivo declarado pt contém texto em inglês; logo incorporado","renomear/refazer em português e aplicar oferta oficial"
01_Feed_Instagram_Facebook_1x1/a7_pt_feed-1x1_produto-servico-hotel.png,pt,1x1,guest,REWORK_GUEST,"arquivo declarado pt contém texto em espanhol; logo incorporado","renomear/refazer em português e revisar copy"
01_Feed_Instagram_Facebook_1x1/a7_pt_feed-1x1_roupa-limpa-em-orlando.png,pt,1x1,guest,REWORK_GUEST,"logo incorporado; sem preço/mínimo e sem previews","refazer com oferta oficial e logo oficial"
01_Feed_Instagram_Facebook_1x1/a7_pt_feed-1x1_roupa-suja-a-gente-resolve.png,pt,1x1,guest,REWORK_GUEST,"logo incorporado; sem preço/mínimo e sem previews","refazer com oferta oficial e CTA WhatsApp"
marketing/meta-ads/archive/material-antigo/2026-08-17-valores-desatualizados/feed-1x1/a7_pt_feed-1x1_seu-tempo-e-valioso.png,pt,1x1,guest,ARCHIVED_OLD_PRICE,"US$3.00/lb incorreto; free em vez de included; logo incorporado","manter apenas como histórico; não publicar"
02_Stories_Reels_Instagram_Facebook_9x16/a7_en_story-reel-9x16_fresh-laundry-in-orlando.png,en,9x16,guest,REWORK_GUEST,"conteúdo crítico fora da safe zone; logo incorporado; sem previews","refazer em 1080x1920 com conteúdo em y420-1500"
marketing/meta-ads/archive/material-antigo/2026-08-17-valores-desatualizados/story-reel-9x16/a7_en_story-reel-9x16_your-time-is-valuable.png,en,9x16,guest,ARCHIVED_OLD_PRICE,"US$3.00/lb incorreto; conteúdo fora da safe zone; free em vez de included","manter apenas como histórico; não publicar"
02_Stories_Reels_Instagram_Facebook_9x16/a7_es_story-reel-9x16_roupa-limpa-em-orlando.png,es,9x16,guest,REWORK_GUEST,"conteúdo crítico fora da safe zone; logo incorporado; sem previews","refazer master vertical e revisar espanhol"
marketing/meta-ads/archive/material-antigo/2026-08-17-valores-desatualizados/story-reel-9x16/a7_es_story-reel-9x16_tu-tiempo-es-valioso.png,es,9x16,guest,ARCHIVED_OLD_PRICE,"US$3.00/lb incorreto; conteúdo fora da safe zone; free em vez de included","manter apenas como histórico; não publicar"
02_Stories_Reels_Instagram_Facebook_9x16/a7_he_story-reel-9x16_roupa-limpa-em-orlando.png,he,9x16,guest,REWORK_GUEST,"conteúdo fora da safe zone; hebraico sem revisão humana; logo incorporado","refazer master e obter revisão humana"
marketing/meta-ads/archive/material-antigo/2026-08-17-valores-desatualizados/story-reel-9x16/a7_he_story-reel-9x16_tempo-valioso.png,he,9x16,guest,ARCHIVED_OLD_PRICE,"US$3.00/lb incorreto; conteúdo fora da safe zone; hebraico sem revisão humana","manter apenas como histórico; não publicar"
02_Stories_Reels_Instagram_Facebook_9x16/a7_pt_story-reel-9x16_roupa-limpa-em-orlando.png,pt,9x16,guest,REWORK_GUEST,"conteúdo crítico fora da safe zone; logo incorporado; sem previews","refazer em 1080x1920 com conteúdo em y420-1500"
marketing/meta-ads/archive/material-antigo/2026-08-17-valores-desatualizados/story-reel-9x16/a7_pt_story-reel-9x16_seu-tempo-e-valioso.png,pt,9x16,guest,ARCHIVED_OLD_PRICE,"US$3.00/lb incorreto; conteúdo fora da safe zone; free em vez de included","manter apenas como histórico; não publicar"
03_YouTube_Facebook_Landscape_16x9/a7_en_landscape-16x9_fresh-laundry-in-orlando.png,en,landscape,guest,REWORK_GUEST,"1920x1088 não é 16:9 exato; logo incorporado; sem previews","reexportar 1920x1080 e aplicar logo oficial"
03_YouTube_Facebook_Landscape_16x9/a7_en_landscape-16x9_get-your-week-back-v1.png,en,landscape,local,HOLD_LOCAL_CAMPAIGN,"mensagem de rotina residencial; 1920x1088; logo aparenta 77 Laundry","reservar para campanha de moradores e refazer identidade"
03_YouTube_Facebook_Landscape_16x9/a7_en_landscape-16x9_get-your-week-back-v2.png,en,landscape,local,HOLD_LOCAL_CAMPAIGN,"mensagem de rotina residencial; 1920x1088; logo incorporado","reservar para campanha de moradores"
03_YouTube_Facebook_Landscape_16x9/a7_en_landscape-16x9_miami-orlando-travel-light.png,en,landscape,guest,REJECT,"Miami é mercado bloqueado; 1920x1088; logo incorporado","não reutilizar; recriar somente para Orlando"
03_YouTube_Facebook_Landscape_16x9/a7_en_landscape-16x9_orlando-vacation-travel-light.png,en,landscape,local,HOLD_LOCAL_CAMPAIGN,"arquivo declarado en contém texto em português; imagem residencial; same-day sem ressalva","reservar para moradores e remover promessa absoluta"
03_YouTube_Facebook_Landscape_16x9/a7_en_landscape-16x9_stop-doing-laundry.png,en,landscape,local,HOLD_LOCAL_CAMPAIGN,"mensagem residencial; same-day e free sem qualificação; logo não oficial","reservar para moradores e refazer oferta"
03_YouTube_Facebook_Landscape_16x9/a7_es_landscape-16x9_deja-de-lavar-ropa.png,es,landscape,local,HOLD_LOCAL_CAMPAIGN,"mensagem residencial; same-day e free sem qualificação; logo não oficial","reservar para moradores e revisar espanhol"
03_YouTube_Facebook_Landscape_16x9/a7_es_landscape-16x9_recupera-tu-semana-v1.png,es,landscape,local,HOLD_LOCAL_CAMPAIGN,"mensagem de rotina residencial; texto incidental em objeto; logo incorporado","reservar para moradores e limpar texto incidental"
03_YouTube_Facebook_Landscape_16x9/a7_es_landscape-16x9_recupera-tu-semana-v2.png,es,landscape,local,HOLD_LOCAL_CAMPAIGN,"mensagem de rotina residencial; 1920x1088; logo incorporado","reservar para moradores e revisar espanhol"
03_YouTube_Facebook_Landscape_16x9/a7_es_landscape-16x9_roupa-limpa-em-orlando.png,es,landscape,guest,REWORK_GUEST,"1920x1088 não é 16:9 exato; logo incorporado; sem previews","reexportar 1920x1080 e revisar espanhol"
03_YouTube_Facebook_Landscape_16x9/a7_es_landscape-16x9_roupa-suja-nos-lavamos.png,es,landscape,guest,REJECT,"arquivo declarado es contém texto em inglês e mostra Universal Studios Florida","não reutilizar; recriar com cenário genérico"
03_YouTube_Facebook_Landscape_16x9/a7_he_landscape-16x9_roupa-limpa-em-orlando.png,he,landscape,guest,REWORK_GUEST,"1920x1088; hebraico sem revisão humana; logo incorporado","reexportar e obter revisão humana"
03_YouTube_Facebook_Landscape_16x9/a7_pt_landscape-16x9_chegou-em-orlando.png,pt,landscape,guest,REJECT,"mostra Universal Orlando Resort e selo Miami to Orlando","não reutilizar; recriar com hotel/atração genéricos"
03_YouTube_Facebook_Landscape_16x9/a7_pt_landscape-16x9_recupere-sua-semana-v1.png,pt,landscape,local,HOLD_LOCAL_CAMPAIGN,"mensagem de rotina residencial; 1920x1088; logo incorporado","reservar para campanha de moradores"
03_YouTube_Facebook_Landscape_16x9/a7_pt_landscape-16x9_roupa-limpa-em-orlando.png,pt,landscape,guest,REWORK_GUEST,"1920x1088 não é 16:9 exato; logo incorporado; sem previews","reexportar 1920x1080 e aplicar logo oficial"
