creative_id_local,filename,category,angle,format,campaign,ad_set,ad_name,primary_text,headline,description,pricing_shown,whatsapp_prefilled,destination,kpi_target,cut_rule,status
deep-clean-1x1,deep-clean-1x1.webp,comforter,deep clean (pain),1:1,comforter-dedicated,COMF_LOCAL,Comforter Deep Clean,"Your comforter may need a real deep clean. Dust, sweat and allergens build up over time. We pick it up, clean it properly, and deliver it back fresh. From $35 by size. Message us on WhatsApp.",Comforter Cleaning in Orlando,Twin $35 / Full-Queen $40 / King $50,by size (Twin $35 / Full-Queen $40 / King $50),"Hi A7! I'd like to clean my comforter. Size:",WhatsApp,cost/conversa <= $20; CTR >= 2%,pausar 0 conversas após $30-40,PENDING
deep-clean-4x5,deep-clean-4x5.webp,comforter,deep clean (pain),4:5,comforter-dedicated,COMF_LOCAL,Comforter Deep Clean,"Your comforter may need a real deep clean. Dust, sweat and allergens build up over time. We pick it up, clean it properly, and deliver it back fresh. From $35 by size. Message us on WhatsApp.",Comforter Cleaning in Orlando,Twin $35 / Full-Queen $40 / King $50,by size,"Hi A7! I'd like to clean my comforter. Size:",WhatsApp,cost/conversa <= $20; CTR >= 2%,pausar 0 conversas após $30-40,PENDING
deep-clean-9x16,deep-clean-9x16.webp,comforter,deep clean (pain),9:16,comforter-dedicated,COMF_LOCAL,Comforter Deep Clean,"Your comforter may need a real deep clean. Dust, sweat and allergens build up over time. We pick it up, clean it properly, and deliver it back fresh. From $35 by size. Message us on WhatsApp.",Comforter Cleaning in Orlando,Twin $35 / Full-Queen $40 / King $50,by size,"Hi A7! I'd like to clean my comforter. Size:",WhatsApp,cost/conversa <= $20; CTR >= 2%,pausar 0 conversas após $30-40,PENDING
before-after-1x1,before-after-1x1.webp,comforter,before/after (proof),1:1,comforter-dedicated,COMF_LOCAL,Comforter Before/After,"See the difference a real deep clean makes. Dust, sweat and allergens build up in your comforter over months. We pick it up, clean it properly, and deliver it back fresh. From $35 by size. Message us on WhatsApp.",Comforter Cleaning in Orlando,From $35 by size,by size,"Hi A7! I'd like to clean my comforter. Size:",WhatsApp,cost/conversa <= $20; CTR >= 2%,pausar 0 conversas após $30-40,PENDING
before-after-4x5,before-after-4x5.webp,comforter,before/after (proof),4:5,comforter-dedicated,COMF_LOCAL,Comforter Before/After,"See the difference a real deep clean makes. Dust, sweat and allergens build up in your comforter over months. We pick it up, clean it properly, and deliver it back fresh. From $35 by size. Message us on WhatsApp.",Comforter Cleaning in Orlando,From $35 by size,by size,"Hi A7! I'd like to clean my comforter. Size:",WhatsApp,cost/conversa <= $20; CTR >= 2%,pausar 0 conversas após $30-40,PENDING
before-after-9x16,before-after-9x16.webp,comforter,before/after (proof),9:16,comforter-dedicated,COMF_LOCAL,Comforter Before/After,"See the difference a real deep clean makes. Dust, sweat and allergens build up in your comforter over months. We pick it up, clean it properly, and deliver it back fresh. From $35 by size. Message us on WhatsApp.",Comforter Cleaning in Orlando,From $35 by size,by size,"Hi A7! I'd like to clean my comforter. Size:",WhatsApp,cost/conversa <= $20; CTR >= 2%,pausar 0 conversas após $30-40,PENDING
fresh-bed-1x1,fresh-bed-1x1.webp,comforter,fresh bed (benefit),1:1,comforter-dedicated,COMF_LOCAL,Comforter Fresh Bed,"Fresh, clean comforter — delivered. We pick it up, deep-clean it, and bring it back soft and fresh. Priced by size, from $35. Message us on WhatsApp.",Fresh Comforter, Delivered,Twin $35 / Full-Queen $40 / King $50,by size,"Hi A7! I'd like to clean my comforter. Size:",WhatsApp,cost/conversa <= $20; CTR >= 2%,pausar 0 conversas após $30-40,PENDING
fresh-bed-4x5,fresh-bed-4x5.webp,comforter,fresh bed (benefit),4:5,comforter-dedicated,COMF_LOCAL,Comforter Fresh Bed,"Fresh, clean comforter — delivered. We pick it up, deep-clean it, and bring it back soft and fresh. Priced by size, from $35. Message us on WhatsApp.",Fresh Comforter, Delivered,Twin $35 / Full-Queen $40 / King $50,by size,"Hi A7! I'd like to clean my comforter. Size:",WhatsApp,cost/conversa <= $20; CTR >= 2%,pausar 0 conversas após $30-40,PENDING
fresh-bed-9x16,fresh-bed-9x16.webp,comforter,fresh bed (benefit),9:16,comforter-dedicated,COMF_LOCAL,Comforter Fresh Bed,"Fresh, clean comforter — delivered. We pick it up, deep-clean it, and bring it back soft and fresh. Priced by size, from $35. Message us on WhatsApp.",Fresh Comforter, Delivered,Twin $35 / Full-Queen $40 / King $50,by size,"Hi A7! I'd like to clean my comforter. Size:",WhatsApp,cost/conversa <= $20; CTR >= 2%,pausar 0 conversas após $30-40,PENDING
