"Identificação do post","Identificação da conta","Nome de usuário da conta","Nome da conta",Descrição,"Duração (s)","Horário de publicação","Link permanente","Tipo de post","Comentário de dados",Data,Visualizações,Alcance,Curtidas,Compartilhamentos,Seguimentos,Comentários,Salvamentos
18090926906568710,17841471909956533,a7laundry,"A7 Laundry","Enjoy Orlando — we handle the laundry. 🧺

Staying at a hotel or an Airbnb near the parks? Don't spend your trip doing laundry. Here's how easy it is:

1. We pick it up where you're staying
2. We wash & fold it the right way — from $3.25/lb
3. We bring it back fresh & folded, usually same day

Pickup & delivery across Greater Orlando — Kissimmee, Reunion, Lake Nona, I-Drive & more.

Your weekend is yours. The laundry is ours. 💧
Message us on WhatsApp: +1 407-670-8839

#orlando #kissimmee #washandfold #laundrypickup #vacationrental #orlandovacation #airbnborlando #laundryservice #orlandoflorida #laundryday",0,"07/15/2026 21:47",https://www.instagram.com/p/Da10QTcAvgN/,"Carrossel do Instagram",,Total,76,40,6,0,0,0,0
18088561475428085,17841471909956533,a7laundry,"A7 Laundry","🧺 Laundry has never been this easy.

Skip the laundromat, skip the waiting, and enjoy your day while we take care of your clothes.

Here's how it works:

📱 1. Message us on WhatsApp or SMS.
🗓️ 2. Choose the pickup time that works best for you.
🚚 3. We pick up, professionally clean, and deliver your laundry back within 24 hours.
💳 4. Pay online securely. Simple, fast, and hassle-free.

Whether you're staying at a hotel, Airbnb, vacation rental, or you're a local resident, A7 Laundry brings professional laundry service right to your door.

✨ Clean. Fresh. Delivered.

📍Serving Greater Orlando
📲 Message us today to schedule your pickup!

#Orlando #OrlandoLaundry #LaundryService #WashAndFold #HotelLaundry #AirbnbOrlando #VacationRental #DisneyVacation #UniversalOrlando #ComforterCleaning #LaundryPickup #LaundryDelivery #A7Laundry #VisitOrlando #TravelSmart",0,"07/16/2026 15:29",https://www.instagram.com/p/Da3txagkTZa/,"Carrossel do Instagram",,Total,34,17,4,0,0,0,0
18102484910156347,17841471909956533,a7laundry,"A7 Laundry","Your home washer can't handle a king comforter. 🛏️

Stuffing it in strains the machine and leaves it damp, lumpy and half-clean. We wash it the right way — fully dried and fluffed back to new.

Twin from $35 · Queen $40 · King $50.
Pickup & delivery across Greater Orlando.

Don't fight your washer. Send it. 💧
Message us on WhatsApp: +1 407-670-8839

#comfortercleaning #orlando #laundryservice #kissimmee #bedding #washandfold #orlandoflorida #duvet",0,"07/17/2026 05:20",https://www.instagram.com/p/Da5M4EoGScF/,"Carrossel do Instagram",,Total,40,20,4,0,0,0,0
18074250116356816,17841471909956533,a7laundry,"A7 Laundry","Skip the laundromat. 🧺

No quarters, no sitting around for hours. We pick up, wash, fold and deliver right to your door across Greater Orlando.

Sorted by fabric, washed properly, folded neat — every load handled with care, not a machine you share.

Your time back. Laundry handled.

Message us on WhatsApp: +1 407-670-8839

#laundryservice #orlando #washandfold #laundrypickup #laundrydelivery #kissimmee #orlandoflorida #laundryday",0,"07/18/2026 05:23",https://www.instagram.com/p/Da7yAf1iSNi/,"Carrossel do Instagram",,Total,29,16,4,0,0,0,0
17867862303634962,17841471909956533,a7laundry,"A7 Laundry","Need it clean by tonight? 🌙

Staying in Orlando and ran out of clean clothes — or flying out tomorrow? Drop it this morning, get it back tonight.

1. Message us before noon on WhatsApp
2. We wash & fold it fast — express from $3.95/lb (subject to availability)
3. Back the same evening, fresh & folded

Same-day pickup & delivery across Greater Orlando. No laundromat, no lost vacation time.

Message us on WhatsApp: +1 407-670-8839

#orlando #samedaylaundry #washandfold #laundrypickup #orlandovacation #kissimmee #orlandoflorida #laundryservice",0,"07/18/2026 05:57",https://www.instagram.com/p/Da715zBEs9B/,"Carrossel do Instagram",,Total,33,12,0,0,0,0,0
18097994762363406,17841471909956533,a7laundry,"A7 Laundry","Vacation rental hosts — be ready before check-in. 🏡

Fresh linens between every guest, on your schedule. We wash and swap the sheets, towels and covers so every stay starts spotless.

One bad turnover can cost a 5-star review. We work to your check-out window across Kissimmee, Reunion, Davenport & Greater Orlando.

Managing several homes? Ask us about multi-property turnovers.

Message us on WhatsApp: +1 407-670-8839

#airbnbhost #vacationrental #orlando #turnover #shorttermrental #kissimmee #reunionresort #orlandoflorida",0,"07/19/2026 05:00",https://www.instagram.com/p/Da-UNJgDx_-/,"Carrossel do Instagram",,Total,21,10,1,0,0,0,0
18144809848534050,17841471909956533,a7laundry,"A7 Laundry","Don't toss them. Restore them. 👟

Scuffed soles, tired leather, yellowed edges? We deep clean and restore your sneakers by hand — not a machine. Stains lifted, soles whitened, the whole shoe refreshed.

We pick them up at your door and bring them back box-fresh. Basic clean from $35 a pair; full restoration for the tough ones.

📲 Message us on WhatsApp: +1 407-670-8839

—
#sneakercleaning #shoecleaning #orlando #sneakerrestoration #kissimmee #orlandoflorida #sneakercare #laundrypickup",0,"07/20/2026 05:00",https://www.instagram.com/p/DbA5ASCiMH0/,"Carrossel do Instagram",,Total,34,11,1,0,0,0,0
18204649840315313,17841471909956533,a7laundry,"A7 Laundry","Fresh. Clean. Delivered. 🧺

Laundry day, made easy. We pick up at your door, wash & fold it the right way, and deliver it back — premium clean, every time.

No laundromat, no quarters, no lost time. Just fresh, folded laundry, right back where you're staying, across Greater Orlando.

📲 Message us on WhatsApp: +1 407-670-8839

—
#washandfold #laundrypickup #laundrydelivery #orlando #kissimmee #orlandoflorida #laundryservice #laundryday",0,"07/21/2026 07:05",https://www.instagram.com/p/DbDsEbCG9AQ/,"Carrossel do Instagram",,Total,37,12,2,0,0,0,0
18325645471257369,17841471909956533,a7laundry,"A7 Laundry","Turnover laundry, on repeat. 🔁

Hosting on Airbnb or VRBO? Stop scrambling for clean linens between guests. Tell us your check-out days and we set a recurring pickup around your calendar.

Beds stripped, everything washed, folded and back before check-in — so your next guest walks into hotel-fresh. Weekly, biweekly or per turnover. No app, no contract.

📲 Set up your plan on WhatsApp: +1 407-670-8839

—
#airbnbhost #vacationrental #orlando #vrbo #turnoverservice #kissimmee #orlandoflorida #airbnbcleaning #laundrypickup",0,"07/22/2026 12:11",https://www.instagram.com/p/DbGz3_8jy_S/,"Carrossel do Instagram",,Total,6,3,1,0,0,0,0
18104114396324187,17841471909956533,a7laundry,"A7 Laundry","Every guest gets hotel-fresh. ✨

Guests notice the sheets first. Crisp, white, hotel-clean linens set the tone before they even unpack — and it's one of the first things they mention in reviews.

We wash, fold and deliver your sheets, duvet covers and towels — all cleaned right and back ready for the next check-in.

📲 WhatsApp: +1 407-670-8839

—
#vacationrental #airbnbhost #orlando #hotellinens #turnover #kissimmee #orlandoflorida #washandfold #airbnbhosting",0,"07/23/2026 15:17",https://www.instagram.com/p/DbJt9u_kaog/,"Carrossel do Instagram",,Total,31,9,0,0,0,0,0
18093332837022685,17841471909956533,a7laundry,"A7 Laundry","**Your carpet may be dirtier than it looks.**

Even with frequent vacuuming, dust, dust mites, pet hair, and other residues can stay hidden deep in the fibers, affecting the cleanliness of your home and the air quality your family breathes.

Professional carpet cleaning helps remove deep trapped dirt, protect the fibers, and bring more comfort back into your everyday life.

At A7 Laundry, we provide professional carpet cleaning with pickup and delivery, using specific cleaning processes for each type of material.

📍 Schedule your pickup and take care of your carpet with a team that understands professional cleaning.

#CarpetCleaning #ProfessionalCarpetCleaning #A7Laundry #PickupAndDelivery #OrlandoCleaning #CleanHome",0,"06/28/2026 19:50",https://www.instagram.com/p/DaJ1a1PjrLf/,"Carrossel do Instagram",,Total,77,33,4,0,0,0,0
18126204961644166,17841471909956533,a7laundry,"A7 Laundry","✨ More vacation. Less laundry.

You’re in Orlando to make memories, not spend hours sorting clothes, waiting at laundromats, or doing laundry after a long day at the parks.

At A7 Laundry, we pick up your laundry, professionally clean it, neatly fold it, and deliver it back to your hotel, Airbnb, vacation home, or residence.

✔️ Same-day service available
✔️ Professional wash & fold
✔️ Pickup & delivery across Orlando
✔️ Fast, reliable, and hassle-free

Spend your time where it matters most. We’ll take care of the laundry.

📲 Message us on WhatsApp to schedule your pickup today!

#A7Laundry #Orlando #OrlandoFlorida #LaundryService #WashAndFold PickupAndDelivery VacationMode DisneyVacation UniversalOrlando DisneyWorld AirbnbOrlando VacationRental TravelSmart OrlandoLife FamilyVacation LaundryPickup LaundryDelivery HotelLaundry TouristsInOrlando MoreVacationLessLaundry",0,"06/28/2026 21:21",https://www.instagram.com/p/DaJ_nlhNbbD/,"Imagem do Instagram",,Total,144,77,8,0,0,2,0
