"Palavra-chave","Status da coleta","Domínio do URL de visualização","Parcela de impressões","Taxa de sobreposição","Taxa de posição superior","Taxa da parte superior da página","Taxa da 1ª posição na página","Parcela de superação"
"""hotel laundry service""","SEM DADOS DE LEILÃO","","","","","","",""
"""laundry pickup and delivery""","OK","Você","38,91%","—","—","75,70%","30,28%","—"
"""laundry pickup and delivery""","OK","happynest.com","23,26%","38,25%","56,25%","82,00%","27,33%","30,54%"
"""laundry pickup and delivery""","OK","poplin.co","20,62%","32,27%","44,44%","81,20%","27,82%","33,33%"
"""laundry pickup and delivery""","OK","orlandolaundryroom.com","19,53%","32,67%","70,73%","87,30%","46,83%","29,92%"
"""laundry pickup and delivery""","OK","tidecleaners.com","< 10%","7,17%","44,44%","81,82%","59,09%","37,67%"
"""laundry pickup and delivery""","OK","apple.com","< 10%","13,15%","48,48%","73,68%","22,81%","36,43%"
"""laundry service near me""","OK","Você","32,92%","—","—","58,40%","19,47%","—"
"""laundry service near me""","OK","orlandolaundryroom.com","23,27%","41,07%","81,82%","84,91%","60,75%","21,86%"
"""laundry service near me""","OK","poplin.co","11,15%","18,93%","49,30%","79,53%","24,41%","29,85%"
"""laundry service near me""","OK","happynest.com","< 10%","17,07%","35,94%","62,16%","7,21%","30,90%"
"""wash and fold near me""","OK","Você","41,09%","—","—","52,85%","24,46%","—"
"""wash and fold near me""","OK","orlandolaundryroom.com","13,33%","18,76%","80,41%","87,11%","62,11%","34,90%"
"""wash and fold near me""","OK","happynest.com","12,08%","17,49%","37,68%","71,55%","15,52%","38,39%"
"""wash and fold near me""","OK","poplin.co","10,10%","14,45%","43,86%","72,68%","29,38%","38,49%"
"""same day laundry service""","OK","Você","31,21%","—","—","50,00%","25,00%","—"
"""same day laundry service""","OK","tidecleaners.com","11,35%","12,50%","81,82%","68,75%","59,38%","28,01%"
"""same day laundry service""","OK","happynest.com","< 10%","15,91%","42,86%","76,92%","30,77%","29,08%"
"""same day laundry service""","OK","poplin.co","< 10%","7,95%","57,14%","62,50%","25,00%","29,79%"
"""laundry delivery near me""","OK","orlandolaundryroom.com","100,00%","100,00%","90,91%","100,00%","30,77%","7,69%"
"""laundry delivery near me""","OK","Você","84,62%","—","—","100,00%","0,00%","—"
"""laundry delivery near me""","OK","poplin.co","69,23%","72,73%","87,50%","77,78%","55,56%","30,77%"
"""laundry delivery near me""","OK","apple.com","30,77%","18,18%","100,00%","100,00%","100,00%","69,23%"
"""laundry delivery near me""","OK","happynest.com","23,08%","27,27%","33,33%","100,00%","0,00%","76,92%"
"""laundry delivery near me""","OK","kit.com","15,38%","9,09%","0,00%","0,00%","0,00%","84,62%"
"""laundry delivery near me""","OK","google.com","< 10%","9,09%","0,00%","100,00%","0,00%","84,62%"
"""laundry delivery near me""","OK","thumbtack.com","< 10%","0,00%","—","100,00%","0,00%","84,62%"
"""laundry delivery near me""","OK","homeaglow.com","< 10%","0,00%","—","0,00%","0,00%","84,62%"
"""wash and fold orlando""","OK","orlandolaundryroom.com","48,65%","76,00%","78,95%","91,67%","69,44%","13,51%"
"""wash and fold orlando""","OK","Você","33,78%","—","—","72,00%","20,00%","—"
"""wash and fold orlando""","OK","happynest.com","25,68%","32,00%","37,50%","73,68%","15,79%","29,73%"
"""wash and fold orlando""","OK","poplin.co","24,32%","24,00%","50,00%","88,89%","16,67%","29,73%"
"""wash and fold orlando""","OK","apple.com","< 10%","16,00%","0,00%","25,00%","0,00%","33,78%"
"""laundry delivery orlando""","OK","Você","100,00%","—","—","100,00%","0,00%","—"
"""laundry delivery orlando""","OK","happynest.com","100,00%","100,00%","100,00%","100,00%","0,00%","0,00%"
"""laundry delivery orlando""","OK","orlandolaundryroom.com","100,00%","100,00%","100,00%","100,00%","100,00%","0,00%"
"""laundry delivery orlando""","OK","poplin.co","100,00%","100,00%","100,00%","100,00%","0,00%","0,00%"
"""laundry service orlando""","OK","Você","32,02%","—","—","59,60%","26,07%","—"
"""laundry service orlando""","OK","orlandolaundryroom.com","20,50%","37,82%","73,48%","84,12%","59,06%","23,12%"
"""laundry service orlando""","OK","happynest.com","< 10%","17,34%","41,32%","72,93%","9,39%","29,72%"
"""laundry service orlando""","OK","poplin.co","< 10%","14,47%","48,51%","75,84%","24,16%","29,77%"
"""laundry pickup near me""","OK","Você","34,66%","—","—","59,35%","24,33%","—"
"""laundry pickup near me""","OK","orlandolaundryroom.com","18,30%","31,40%","77,88%","86,28%","58,84%","26,18%"
"""laundry pickup near me""","OK","happynest.com","11,47%","20,20%","42,83%","73,23%","15,57%","31,66%"
"""laundry pickup near me""","OK","poplin.co","10,13%","17,60%","46,00%","76,97%","26,82%","31,85%"
"[hotel laundry service orlando]","OK","aaxon.com","57,14%","0,00%","—","100,00%","75,00%","14,29%"
"[hotel laundry service orlando]","OK","steineratlantic.com","42,86%","0,00%","—","100,00%","0,00%","14,29%"
"[hotel laundry service orlando]","OK","commerciallaundries.com","42,86%","0,00%","—","100,00%","0,00%","14,29%"
"[hotel laundry service orlando]","OK","laundryproofflorida.com","28,57%","0,00%","—","100,00%","0,00%","14,29%"
"[hotel laundry service orlando]","OK","aquacarels.com","28,57%","0,00%","—","50,00%","0,00%","14,29%"
"[hotel laundry service orlando]","OK","Você","14,29%","—","—","100,00%","100,00%","—"
"[hotel laundry service orlando]","OK","happynest.com","14,29%","100,00%","0,00%","100,00%","0,00%","14,29%"
"[hotel laundry service orlando]","OK","hilton.com","14,29%","0,00%","—","0,00%","0,00%","14,29%"
"[hotel laundry service orlando]","OK","hotellandy.com","14,29%","0,00%","—","100,00%","100,00%","14,29%"
"[hotel laundry service orlando]","OK","tyndaleusa.com","14,29%","0,00%","—","100,00%","100,00%","14,29%"
"[hotel laundry service orlando]","OK","alsco.com","14,29%","0,00%","—","0,00%","0,00%","14,29%"
"[hotel laundry service orlando]","OK","groveresortorlando.com","14,29%","0,00%","—","100,00%","0,00%","14,29%"
"[hotel laundry service orlando]","OK","girbau.com","14,29%","0,00%","—","100,00%","0,00%","14,29%"
