url_path	source_file	lastmod	incoming_internal_links	title	h1	canonical	faq_schema	breadcrumb_schema	whatsapp_ctas	sms_ctas	telephone_links	funnel_codes	automated_flags	provisional_action
/	index.html	2026-07-25	92	Guest Laundry Pickup in Orlando | Hotels & Airbnbs | A7 Laundry	Enjoy Orlando. We handle the laundry.	https://a7laundry.com/	no	no	7	0	0		normalTerminology|freeFraming|remoteUi	REFRESH_P2
/about	about.html	2026-07-25	2	About A7 Laundry Orlando | Guest Laundry Pickup & Delivery	Guest laundry built around your Orlando stay.	https://a7laundry.com/about	no	yes	2	1	0		normalTerminology	KEEP_REVIEW_FACTS
/laundry-pickup-delivery-orlando	laundry-pickup-delivery-orlando.html	2026-08-22	86	Laundry Pickup & Delivery Orlando for Travelers | A7	Laundry pickup in Orlando. Your plans keep moving.	https://a7laundry.com/laundry-pickup-delivery-orlando	yes	yes	3	2	1	SEO-ORLANDO-MONEY-V2		KEEP_VALIDATED
/plans	plans.html	2026-04-10	68	A7 Laundry | Laundry Pickup & Delivery — Orlando, Kissimmee, Lake Nona	We handle the laundry. You enjoy Orlando. A gente cuida da lavanderia. Você curte Orlando. Nosotros hacemos la lavandería. Tú disfrutas Orlando.	https://a7laundry.com/	yes	no	10	0	1		normalTerminology|freeFraming|absoluteExpress|absoluteStandard|remoteUi	REFRESH_P0
/comforter	comforter-cleaning.html	2026-04-10	80	A7 Laundry Orlando | Professional Comforter Cleaning	STOP SLEEPING WITH A DIRTY COMFORTER. PARE DE DORMIR COM UM EDREDOM SUJO. DEJA DE DORMIR CON UN EDREDÓN SUCIO.	https://a7laundry.com/comforter	yes	no	2	0	3		freeFraming|remoteUi	SEPARATE_SERVICE_SCOPE_REVIEW
/carpet	carpet-cleaning.html	2026-04-10	12	A7 Laundry Orlando | Professional Carpet Cleaning	Bring Your Carpet Back to Fresh. Deixe Seu Carpete Limpo e Renovado. Devuelve la Frescura a Tu Alfombra.	https://a7laundry.com/carpet	yes	no	4	0	14		normalTerminology|freeFraming|remoteUi	SEPARATE_SERVICE_SCOPE_REVIEW
/shoes	shoe-cleaning.html	2026-04-10	8	A7 Laundry Orlando | Professional Shoe Cleaning	Your $200 Sneakers Look Like $20 Fakes. Seus Tênis de $200 Parecem Falsificações de $20. Tus Zapatillas de $200 Parecen Falsificaciones de $20.	https://a7laundry.com/shoes	yes	no	4	0	10		freeFraming|remoteUi	SEPARATE_SERVICE_SCOPE_REVIEW
/upholstery	upholstery-cleaning.html	2026-04-10	12	A7 Laundry Orlando | Professional Upholstery Cleaning	Bring Your Sofa Back to Fresh & Comfortable. Deixe Seu Sofá Fresco e Aconchegante. Devuelve a Tu Sofá Su Frescura y Comodidad.	https://a7laundry.com/upholstery	yes	no	4	0	10		normalTerminology|freeFraming|remoteUi	SEPARATE_SERVICE_SCOPE_REVIEW
/vacation	vacation-rental.html	2026-04-10	13	A7 Laundry Orlando | Vacation Rental Turnover & Linen Support	One Bad Review About Dirty Linens Kills Your Booking Rate. Uma Avalia&ccedil;&atilde;o Ruim Sobre Roupas de Cama Sujas Acaba com Suas Reservas. Una Mala Rese&ntilde;a Sobre S&aacute;banas Sucias Mata Tu Tasa de Reservas.	https://a7laundry.com/vacation	yes	no	6	0	10		remoteUi	SEPARATE_SERVICE_SCOPE_REVIEW
/service-areas	service-areas.html	2026-06-29	71	Laundry Pickup & Delivery Service Areas in Orlando | A7 Laundry	Where We Pick Up & Deliver in Orlando	https://a7laundry.com/service-areas	no	yes	5	2	1		remoteUi	KEEP_REVIEW_FACTS
/blog	blog/index.html	2026-04-10	42	Blog | A7 Laundry — Orlando Laundry Tips, Comforter Cleaning & Vacation Rental Guides	Laundry Tips & Orlando Guides	https://a7laundry.com/blog	no	no	3	0	0		normalTerminology|freeFraming|remoteUi	REFRESH_P2
/blog/hotel-laundry-service-orlando	blog/hotel-laundry-service-orlando.html	2026-06-30	7	Hotel Laundry Service in Orlando — Pickup & Delivery | A7 Laundry	Hotel Laundry Service in Orlando: We Pick Up From Your Hotel	https://a7laundry.com/blog/hotel-laundry-service-orlando	yes	yes	6	3	3		normalTerminology|freeFraming|remoteUi	REFRESH_P1
/blog/airbnb-laundry-service-orlando	blog/airbnb-laundry-service-orlando.html	2026-06-30	4	Airbnb Laundry Service in Orlando — Pickup for Guests | A7 Laundry	Airbnb Laundry Service in Orlando: We Pick Up From Your Rental	https://a7laundry.com/blog/airbnb-laundry-service-orlando	yes	yes	6	3	3		normalTerminology|freeFraming|remoteUi	REFRESH_OR_MERGE_REQUIRES_GSC
/blog/laundry-before-checkout-orlando	blog/laundry-before-checkout-orlando.html	2026-06-30	3	Laundry Before Checkout in Orlando — Request Pickup Today | A7 Laundry	Need Clean Clothes Before Checkout in Orlando?	https://a7laundry.com/blog/laundry-before-checkout-orlando	yes	yes	6	3	3		normalTerminology|freeFraming|remoteUi	REFRESH_P1
/blog/hotel-vs-pickup-laundry-orlando	blog/hotel-vs-pickup-laundry-orlando.html	2026-06-30	1	Hotel Laundry vs Pickup Laundry in Orlando: Which Is Better? | A7 Laundry	Hotel Laundry vs Pickup Laundry Service in Orlando	https://a7laundry.com/blog/hotel-vs-pickup-laundry-orlando	yes	yes	6	3	3		normalTerminology|freeFraming|remoteUi	REFRESH_OR_MERGE_REQUIRES_GSC
/blog/family-vacation-laundry-orlando	blog/family-vacation-laundry-orlando.html	2026-06-30	3	Family Vacation Laundry in Orlando — Pickup & Delivery | A7 Laundry	Family Vacation Laundry in Orlando: We Pick Up, Wash & Fold, Deliver	https://a7laundry.com/blog/family-vacation-laundry-orlando	yes	yes	6	3	3		normalTerminology|freeFraming|remoteUi	REFRESH_OR_MERGE_REQUIRES_GSC
/blog/laundry-international-drive-orlando	blog/laundry-international-drive-orlando.html	2026-06-30	3	Laundry Pickup on International Drive, Orlando — Free Delivery | A7 Laundry	Laundry Pickup & Delivery on International Drive, Orlando	https://a7laundry.com/blog/laundry-international-drive-orlando	yes	yes	6	3	3		normalTerminology|freeFraming|remoteUi	REFRESH_P1
/blog/laundry-near-universal-orlando	blog/laundry-near-universal-orlando.html	2026-08-21	5	Orlando Resort Guest Laundry for Tomorrow's Plans | A7	Tomorrow’s plans need clean clothes.	https://a7laundry.com/blog/laundry-near-universal-orlando	yes	yes	5	2	0	SEO-ORLANDO-RESORT-V1		KEEP_VALIDATED
/blog/laundry-winter-garden-fl	blog/laundry-winter-garden-fl.html	2026-06-30	4	Laundry Pickup & Delivery in Winter Garden, FL | A7 Laundry	Laundry Pickup & Delivery in Winter Garden, FL	https://a7laundry.com/blog/laundry-winter-garden-fl	yes	yes	6	3	3		normalTerminology|freeFraming|remoteUi	REFRESH_OR_MERGE_REQUIRES_GSC
/blog/laundry-windermere-fl	blog/laundry-windermere-fl.html	2026-06-30	4	Laundry Pickup & Delivery in Windermere, FL | A7 Laundry	Laundry Pickup & Delivery in Windermere, FL	https://a7laundry.com/blog/laundry-windermere-fl	yes	yes	6	3	3		normalTerminology|freeFraming|remoteUi	REFRESH_OR_MERGE_REQUIRES_GSC
/blog/laundry-clermont-fl	blog/laundry-clermont-fl.html	2026-06-30	1	Laundry Pickup & Delivery in Clermont, FL | A7 Laundry	Laundry Pickup & Delivery in Clermont, FL	https://a7laundry.com/blog/laundry-clermont-fl	yes	yes	6	3	3		normalTerminology|freeFraming|remoteUi	REFRESH_OR_MERGE_REQUIRES_GSC
/blog/laundry-ocoee-fl	blog/laundry-ocoee-fl.html	2026-06-30	3	Laundry Pickup & Delivery in Ocoee, FL | A7 Laundry	Laundry Pickup & Delivery in Ocoee, FL	https://a7laundry.com/blog/laundry-ocoee-fl	yes	yes	6	3	3		normalTerminology|freeFraming|remoteUi	REFRESH_OR_MERGE_REQUIRES_GSC
/blog/same-day-laundry-tourists-orlando	blog/same-day-laundry-tourists-orlando.html	2026-06-30	2	Same-Day Laundry in Orlando: What Tourists Should Know | A7 Laundry	Same-Day Laundry in Orlando: What Tourists Should Know	https://a7laundry.com/blog/same-day-laundry-tourists-orlando	yes	yes	5	2	2		normalTerminology|freeFraming|remoteUi	REFRESH_OR_MERGE_REQUIRES_GSC
/blog/pack-less-orlando-trip-laundry	blog/pack-less-orlando-trip-laundry.html	2026-06-30	2	How to Pack Less for Orlando (and Use Laundry Pickup) | A7 Laundry	How to Pack Less for Orlando and Use Laundry Pickup	https://a7laundry.com/blog/pack-less-orlando-trip-laundry	yes	yes	5	2	2		normalTerminology|freeFraming|remoteUi	REFRESH_OR_MERGE_REQUIRES_GSC
/blog/no-car-laundry-orlando	blog/no-car-laundry-orlando.html	2026-06-30	2	How to Do Laundry in Orlando Without a Car | A7 Laundry	How to Do Laundry in Orlando Without a Car	https://a7laundry.com/blog/no-car-laundry-orlando	yes	yes	5	2	2		normalTerminology|freeFraming|remoteUi	REFRESH_OR_MERGE_REQUIRES_GSC
/blog/laundry-tips-orlando-vacation	blog/laundry-tips-orlando-vacation.html	2026-06-30	1	Laundry Tips for Your Orlando Vacation (2026) | A7 Laundry	Laundry Tips for Your Orlando Vacation	https://a7laundry.com/blog/laundry-tips-orlando-vacation	yes	yes	5	2	2		normalTerminology|freeFraming|remoteUi	REFRESH_OR_MERGE_REQUIRES_GSC
/blog/laundry-service-orlando	blog/laundry-service-orlando.html	2026-04-10	3	Laundry Service in Orlando: Options, Prices & How to Choose (2026) | A7 Laundry	Laundry Service in Orlando: Your Options, Explained	https://a7laundry.com/blog/laundry-service-orlando	yes	yes	4	1	1		normalTerminology|freeFraming|remoteUi	REFRESH_OR_MERGE_REQUIRES_GSC
/blog/how-to-clean-comforter	blog/how-to-clean-comforter.html	2026-04-10	4	How to Clean a King-Size Comforter Without a Giant Washer | A7 Laundry Orlando	How to Clean a King-Size Comforter Without a Giant Washer	https://a7laundry.com/blog/how-to-clean-comforter	yes	yes	3	1	1		normalTerminology|freeFraming|remoteUi	REFRESH_OR_MERGE_REQUIRES_GSC
/blog/vacation-rental-laundry-orlando	blog/vacation-rental-laundry-orlando.html	2026-04-10	9	Vacation Rental Laundry in Orlando: A Guide for Hosts & Guests | A7 Laundry	Vacation Rental Laundry in Orlando: Hosts & Guests	https://a7laundry.com/blog/vacation-rental-laundry-orlando	yes	yes	3	1	1		normalTerminology|freeFraming|remoteUi	REFRESH_OR_MERGE_REQUIRES_GSC
/blog/same-day-laundry-orlando	blog/same-day-laundry-orlando.html	2026-04-10	11	Same-Day Laundry Pickup in Orlando — Ask for Today's Availability | A7 Laundry	Same-Day Laundry in Orlando — Request Pickup Today	https://a7laundry.com/blog/same-day-laundry-orlando	yes	yes	4	2	2		normalTerminology|freeFraming|remoteUi	REFRESH_OR_MERGE_REQUIRES_GSC
/blog/laundry-kissimmee	blog/laundry-kissimmee.html	2026-04-10	6	Laundry Pickup & Delivery in Kissimmee, FL — Wash & Fold Near Disney | A7 Laundry	Laundry Pickup & Delivery in Kissimmee, FL	https://a7laundry.com/blog/laundry-kissimmee	yes	yes	4	2	2		normalTerminology|freeFraming|remoteUi	REFRESH_OR_MERGE_REQUIRES_GSC
/blog/laundry-near-disney-world	blog/laundry-near-disney-world.html	2026-04-11	8	Laundry Service Near Disney World: Best Options for Guests | A7 Laundry	Laundry Service Near Disney World: Best Options for Guests in 2026	https://a7laundry.com/blog/laundry-near-disney-world	yes	no	5	0	0		normalTerminology|freeFraming|remoteUi	REFRESH_OR_MERGE_REQUIRES_GSC
/blog/laundry-for-vacation-rental-guests	blog/laundry-for-vacation-rental-guests.html	2026-04-12	4	No Washer in Your Airbnb? Here's What Orlando Vacation Guests Do | A7 Laundry	No Washer in Your Airbnb? Here's What Orlando Vacation Guests Do	https://a7laundry.com/blog/laundry-for-vacation-rental-guests	yes	no	5	0	0		normalTerminology|freeFraming|remoteUi	REFRESH_OR_MERGE_REQUIRES_GSC
/blog/orlando-laundromat-vs-delivery	blog/orlando-laundromat-vs-delivery.html	2026-04-13	6	Laundromat vs Laundry Delivery in Orlando: Honest Comparison (2026) | A7 Laundry	Laundromat vs Laundry Delivery in Orlando: Honest Comparison (2026)	https://a7laundry.com/blog/orlando-laundromat-vs-delivery	yes	no	5	0	0		normalTerminology|freeFraming|remoteUi	REFRESH_OR_MERGE_REQUIRES_GSC
/blog/laundry-disney-springs-area	blog/laundry-disney-springs-area.html	2026-04-14	0	Laundry Options Near Disney Springs | Orlando Guest Guide	Laundry Options Near Disney Springs: A Guest Guide	https://a7laundry.com/blog/laundry-disney-springs-area	yes	no	5	0	0		normalTerminology|remoteUi	ORPHAN_REVIEW
/blog/vacation-rental-checklist-orlando	blog/vacation-rental-checklist-orlando.html	2026-04-15	2	The Orlando Vacation Rental Linen Checklist: What Every Host Needs | A7 Laundry	The Orlando Vacation Rental Linen Checklist: What Every Host Needs	https://a7laundry.com/blog/vacation-rental-checklist-orlando	yes	no	5	0	0		freeFraming|remoteUi	REFRESH_OR_MERGE_REQUIRES_GSC
/blog/airbnb-host-laundry-tips-orlando	blog/airbnb-host-laundry-tips-orlando.html	2026-04-16	6	7 Laundry Tips Every Orlando Airbnb Host Should Follow | A7 Laundry	7 Laundry Tips Every Orlando Airbnb Host Should Follow	https://a7laundry.com/blog/airbnb-host-laundry-tips-orlando	yes	no	5	0	0		freeFraming|remoteUi	REFRESH_OR_MERGE_REQUIRES_GSC
/blog/comforter-cleaning-service-orlando	blog/comforter-cleaning-service-orlando.html	2026-04-17	2	Comforter Cleaning Service in Orlando: Pickup, Pricing & What to Expect | A7 Laundry	Comforter Cleaning Service in Orlando: Pickup, Pricing & What to Expect	https://a7laundry.com/blog/comforter-cleaning-service-orlando-v2	yes	no	5	0	0		freeFraming|noMinimum|remoteUi	REFRESH_OR_MERGE_REQUIRES_GSC
/blog/comforter-cleaning-service-orlando-v2	blog/comforter-cleaning-service-orlando-v2.html	2026-04-25	2	Comforter Cleaning Orlando — Free Pickup, $33 Twin · $40 King | A7 Laundry	Your Comforter. Cleaned&nbsp;Right.	https://a7laundry.com/blog/comforter-cleaning-service-orlando-v2	yes	no	5	0	0		freeFraming|noMinimum|remoteUi	MERGE_CANDIDATE_REQUIRES_GSC
/blog/laundry-champions-gate	blog/laundry-champions-gate.html	2026-04-18	3	Laundry Pickup & Delivery in Champions Gate, FL — Near Disney | A7 Laundry	Laundry Pickup & Delivery in Champions Gate, FL — Near Disney	https://a7laundry.com/blog/laundry-champions-gate	yes	no	5	0	0		freeFraming|noMinimum|remoteUi	REFRESH_OR_MERGE_REQUIRES_GSC
/blog/how-often-wash-vacation-rental-linens	blog/how-often-wash-vacation-rental-linens.html	2026-04-19	3	How Often Should You Wash Vacation Rental Linens? (Host Guide 2026) | A7 Laundry	How Often Should You Wash Vacation Rental Linens? (Host Guide 2026)	https://a7laundry.com/blog/how-often-wash-vacation-rental-linens	yes	no	5	0	0		freeFraming|remoteUi	REFRESH_OR_MERGE_REQUIRES_GSC
/blog/express-laundry-orlando	blog/express-laundry-orlando.html	2026-04-20	6	Express Laundry in Orlando: What 8-hour Service Actually Means | A7 Laundry	Express Laundry in Orlando: What 8-hour Service Actually Means	https://a7laundry.com/blog/express-laundry-orlando	yes	no	5	0	0		normalTerminology|freeFraming|remoteUi	REFRESH_OR_MERGE_REQUIRES_GSC
/blog/a7-laundry-review	blog/a7-laundry-review.html	2026-04-21	8	A7 Laundry Orlando: Review From Vacation Rental Hosts (2026) | A7 Laundry	A7 Laundry Orlando: Review From Vacation Rental Hosts (2026)	https://a7laundry.com/blog/a7-laundry-review	yes	no	5	0	0		normalTerminology|freeFraming|noMinimum|remoteUi	REFRESH_OR_MERGE_REQUIRES_GSC
/blog/book-laundry-whatsapp-orlando	blog/book-laundry-whatsapp-orlando.html	2026-04-22	6	How to Book Laundry Pickup in Orlando via WhatsApp (60 Seconds) | A7 Laundry	How to Book Laundry Pickup in Orlando via WhatsApp (60 Seconds)	https://a7laundry.com/blog/book-laundry-whatsapp-orlando	yes	no	5	0	0		normalTerminology|freeFraming|remoteUi	REFRESH_OR_MERGE_REQUIRES_GSC
/blog/laundry-subscription-vacation-rental	blog/laundry-subscription-vacation-rental.html	2026-04-23	8	Recurring Laundry for Airbnb Hosts in Orlando: Is It Worth It? | A7 Laundry	Recurring Laundry for Airbnb Hosts in Orlando: Is It Worth It?	https://a7laundry.com/blog/laundry-subscription-vacation-rental	yes	no	6	0	0		normalTerminology|freeFraming|remoteUi	REFRESH_OR_MERGE_REQUIRES_GSC
/blog/reunion-resort-laundry-service	blog/reunion-resort-laundry-service.html	2026-04-24	4	Laundry Pickup & Delivery at Reunion Resort, FL — A7 Laundry | (407) 670-8839	Laundry Pickup & Delivery at Reunion Resort, FL — A7 Laundry	https://a7laundry.com/blog/reunion-resort-laundry-service	yes	no	5	0	4		freeFraming|remoteUi	REFRESH_OR_MERGE_REQUIRES_GSC
/blog/orlando-vacation-rental-laundry-guide	blog/orlando-vacation-rental-laundry-guide.html	2026-04-25	23	The Complete Orlando Vacation Rental Laundry Guide (2026) — Hosts & Guests | A7 Laundry	The Complete Orlando Vacation Rental Laundry Guide (2026)	https://a7laundry.com/blog/orlando-vacation-rental-laundry-guide	yes	no	8	0	3		normalTerminology|freeFraming|noMinimum|remoteUi	REFRESH_OR_MERGE_REQUIRES_GSC
/privacy-policy	privacy-policy.html	2026-04-10	27	Privacy Policy | A7 Laundry Orlando	Privacy Policy Política de Privacidade Política de Privacidad	https://a7laundry.com/privacy-policy	no	no	2	0	3		remoteUi	KEEP_REVIEW_FACTS
/blog/laundry-orlando-airport	blog/laundry-orlando-airport.html	2026-07-16	1	Laundry Pickup & Delivery Near Orlando Airport (MCO) — Wash & Fold | A7 Laundry	Fresh clothes before your next flight.	https://a7laundry.com/blog/laundry-orlando-airport	yes	yes	4	1	0		normalTerminology|freeFraming|remoteUi	REFRESH_OR_MERGE_REQUIRES_GSC
/blog/lavanderia-a-domicilio-orlando	blog/lavanderia-a-domicilio-orlando.html	2026-07-16	1	Servicio de Lavandería a Domicilio en Orlando — Recogida y Entrega Gratis | A7 Laundry	Nosotros lavamos. Tú disfrutas Orlando.	https://a7laundry.com/blog/lavanderia-a-domicilio-orlando	yes	yes	4	1	0		normalTerminology|remoteUi	REFRESH_OR_MERGE_REQUIRES_GSC
/blog/same-day-drop-off-laundry-orlando	blog/same-day-drop-off-laundry-orlando.html	2026-07-16	4	Same-Day Drop-Off Laundry in Orlando — Back Tonight | A7 Laundry	Drop it this morning. Fresh by tonight.	https://a7laundry.com/blog/same-day-drop-off-laundry-orlando	yes	yes	4	1	0		normalTerminology|freeFraming|remoteUi	REFRESH_OR_MERGE_REQUIRES_GSC
/mattress	mattress-cleaning.html	2026-07-16	1	Mattress Cleaning & Sanitizing in Orlando — Deep Clean at Home | A7 Laundry	Your mattress, deep-cleaned and sanitized.	https://a7laundry.com/mattress	yes	yes	5	2	0		remoteUi	SEPARATE_SERVICE_SCOPE_REVIEW
/blog/laundry-solara-resort	blog/laundry-solara-resort.html	2026-07-16	1	Vacation Rental Laundry at Solara Resort, Kissimmee — Turnover & Wash & Fold | A7 Laundry	Fresh linens for every Solara Resort stay .	https://a7laundry.com/blog/laundry-solara-resort	yes	yes	4	1	0		normalTerminology|freeFraming|remoteUi	MERGE_CANDIDATE_REQUIRES_GSC
/blog/laundry-encore-resort-reunion	blog/laundry-encore-resort-reunion.html	2026-07-16	1	Vacation Rental Laundry at Encore Resort at Reunion, Reunion — Turnover & Wash & Fold | A7 Laundry	Turnover laundry at Encore Resort , done right.	https://a7laundry.com/blog/laundry-encore-resort-reunion	yes	yes	4	1	0		normalTerminology|freeFraming|remoteUi	MERGE_CANDIDATE_REQUIRES_GSC
/blog/laundry-storey-lake-resort	blog/laundry-storey-lake-resort.html	2026-07-16	1	Vacation Rental Laundry at Storey Lake Resort, Kissimmee — Turnover & Wash & Fold | A7 Laundry	Hotel-clean sheets for every Storey Lake stay .	https://a7laundry.com/blog/laundry-storey-lake-resort	yes	yes	4	1	0		normalTerminology|freeFraming|remoteUi	MERGE_CANDIDATE_REQUIRES_GSC
/blog/laundry-windsor-hills-resort	blog/laundry-windsor-hills-resort.html	2026-07-16	1	Vacation Rental Laundry at Windsor Hills Resort, Kissimmee — Turnover & Wash & Fold | A7 Laundry	Fresh linens behind every Windsor Hills stay .	https://a7laundry.com/blog/laundry-windsor-hills-resort	yes	yes	4	1	0		normalTerminology|freeFraming|remoteUi	MERGE_CANDIDATE_REQUIRES_GSC
/blog/laundry-windsor-island-resort	blog/laundry-windsor-island-resort.html	2026-07-16	1	Vacation Rental Laundry at Windsor Island Resort, Davenport — Turnover & Wash & Fold | A7 Laundry	Turnover laundry at Windsor Island , done right.	https://a7laundry.com/blog/laundry-windsor-island-resort	yes	yes	4	1	0		normalTerminology|freeFraming|remoteUi	MERGE_CANDIDATE_REQUIRES_GSC
/blog/laundry-solterra-resort	blog/laundry-solterra-resort.html	2026-07-16	1	Vacation Rental Laundry at Solterra Resort, Davenport — Turnover & Wash & Fold | A7 Laundry	Fresh linens for every Solterra Resort stay .	https://a7laundry.com/blog/laundry-solterra-resort	yes	yes	4	1	0		normalTerminology|freeFraming|remoteUi	MERGE_CANDIDATE_REQUIRES_GSC
/blog/laundry-emerald-island-resort	blog/laundry-emerald-island-resort.html	2026-07-16	1	Vacation Rental Laundry at Emerald Island Resort, Kissimmee — Turnover & Wash & Fold | A7 Laundry	Hotel-clean linens for every Emerald Island stay .	https://a7laundry.com/blog/laundry-emerald-island-resort	yes	yes	4	1	0		normalTerminology|freeFraming|remoteUi	MERGE_CANDIDATE_REQUIRES_GSC
/blog/laundry-paradise-palms-resort	blog/laundry-paradise-palms-resort.html	2026-07-16	1	Vacation Rental Laundry at Paradise Palms Resort, Kissimmee — Turnover & Wash & Fold | A7 Laundry	Turnover laundry at Paradise Palms , done right.	https://a7laundry.com/blog/laundry-paradise-palms-resort	yes	yes	4	1	0		normalTerminology|freeFraming|remoteUi	MERGE_CANDIDATE_REQUIRES_GSC
/blog/laundry-terra-verde-resort	blog/laundry-terra-verde-resort.html	2026-07-16	1	Vacation Rental Laundry at Terra Verde Resort, Kissimmee — Turnover & Wash & Fold | A7 Laundry	Fresh linens for every Terra Verde stay .	https://a7laundry.com/blog/laundry-terra-verde-resort	yes	yes	4	1	0		normalTerminology|freeFraming|remoteUi	MERGE_CANDIDATE_REQUIRES_GSC
/blog/laundry-bella-vida-resort	blog/laundry-bella-vida-resort.html	2026-07-16	1	Vacation Rental Laundry at Bella Vida Resort, Kissimmee — Turnover & Wash & Fold | A7 Laundry	Hotel-clean sheets for every Bella Vida stay .	https://a7laundry.com/blog/laundry-bella-vida-resort	yes	yes	4	1	0		normalTerminology|freeFraming|remoteUi	MERGE_CANDIDATE_REQUIRES_GSC
/blog/laundry-vista-cay-resort	blog/laundry-vista-cay-resort.html	2026-07-16	1	Vacation Rental Laundry at Vista Cay Resort, Orlando — Turnover & Wash & Fold | A7 Laundry	Fresh linens for every Vista Cay stay .	https://a7laundry.com/blog/laundry-vista-cay-resort	yes	yes	4	1	0		normalTerminology|freeFraming|remoteUi	MERGE_CANDIDATE_REQUIRES_GSC
/blog/laundry-margaritaville-resort-orlando	blog/laundry-margaritaville-resort-orlando.html	2026-07-16	1	Vacation Rental Laundry at Margaritaville Resort Orlando, Kissimmee — Turnover & Wash & Fold | A7 Laundry	Fresh linens for every Margaritaville stay .	https://a7laundry.com/blog/laundry-margaritaville-resort-orlando	yes	yes	4	1	0		normalTerminology|freeFraming|remoteUi	MERGE_CANDIDATE_REQUIRES_GSC
/blog/laundry-sonoma-resort-tapestry	blog/laundry-sonoma-resort-tapestry.html	2026-07-16	1	Vacation Rental Laundry at Sonoma Resort at Tapestry, Kissimmee — Turnover & Wash & Fold | A7 Laundry	Turnover laundry at Sonoma Resort , done right.	https://a7laundry.com/blog/laundry-sonoma-resort-tapestry	yes	yes	4	1	0		normalTerminology|freeFraming|remoteUi	MERGE_CANDIDATE_REQUIRES_GSC
/blog/laundry-veranda-palms-resort	blog/laundry-veranda-palms-resort.html	2026-07-16	1	Vacation Rental Laundry at Veranda Palms Resort, Kissimmee — Turnover & Wash & Fold | A7 Laundry	Hotel-clean sheets for every Veranda Palms stay .	https://a7laundry.com/blog/laundry-veranda-palms-resort	yes	yes	4	1	0		normalTerminology|freeFraming|remoteUi	MERGE_CANDIDATE_REQUIRES_GSC
/blog/laundry-regal-oaks-resort	blog/laundry-regal-oaks-resort.html	2026-07-16	1	Vacation Rental Laundry at Regal Oaks Resort, Kissimmee — Turnover & Wash & Fold | A7 Laundry	Fresh linens for every Regal Oaks stay .	https://a7laundry.com/blog/laundry-regal-oaks-resort	yes	yes	4	1	0		normalTerminology|freeFraming|remoteUi	MERGE_CANDIDATE_REQUIRES_GSC
/blog/laundry-oakwater-resort	blog/laundry-oakwater-resort.html	2026-07-16	1	Vacation Rental Laundry at Oakwater Resort, Kissimmee — Turnover & Wash & Fold | A7 Laundry	Turnover laundry at Oakwater Resort , done right.	https://a7laundry.com/blog/laundry-oakwater-resort	yes	yes	4	1	0		normalTerminology|freeFraming|remoteUi	MERGE_CANDIDATE_REQUIRES_GSC
/blog/laundry-runaway-beach-club	blog/laundry-runaway-beach-club.html	2026-07-16	1	Vacation Rental Laundry at Runaway Beach Club, Kissimmee — Turnover & Wash & Fold | A7 Laundry	Hotel-clean linens for every Runaway Beach stay .	https://a7laundry.com/blog/laundry-runaway-beach-club	yes	yes	4	1	0		normalTerminology|freeFraming|remoteUi	MERGE_CANDIDATE_REQUIRES_GSC
/blog/laundry-magic-village-resort	blog/laundry-magic-village-resort.html	2026-07-16	1	Vacation Rental Laundry at Magic Village Resort, Kissimmee — Turnover & Wash & Fold | A7 Laundry	Fresh linens for every Magic Village stay .	https://a7laundry.com/blog/laundry-magic-village-resort	yes	yes	4	1	0		normalTerminology|freeFraming|remoteUi	MERGE_CANDIDATE_REQUIRES_GSC
/blog/laundry-compass-bay-resort	blog/laundry-compass-bay-resort.html	2026-07-16	1	Vacation Rental Laundry at Compass Bay Resort, Kissimmee — Turnover & Wash & Fold | A7 Laundry	Turnover laundry at Compass Bay , done right.	https://a7laundry.com/blog/laundry-compass-bay-resort	yes	yes	4	1	0		normalTerminology|freeFraming|remoteUi	MERGE_CANDIDATE_REQUIRES_GSC
/blog/laundry-villas-seven-dwarfs	blog/laundry-villas-seven-dwarfs.html	2026-07-16	1	Vacation Rental Laundry at Villas at Seven Dwarfs, Kissimmee — Turnover & Wash & Fold | A7 Laundry	Hotel-clean sheets for every Seven Dwarfs stay .	https://a7laundry.com/blog/laundry-villas-seven-dwarfs	yes	yes	4	1	0		normalTerminology|freeFraming|remoteUi	MERGE_CANDIDATE_REQUIRES_GSC
/blog/laundry-festival-resort-davenport	blog/laundry-festival-resort-davenport.html	2026-07-16	1	Vacation Rental Laundry at Festival Resort, Davenport — Turnover & Wash & Fold | A7 Laundry	Fresh linens for every Festival Resort stay .	https://a7laundry.com/blog/laundry-festival-resort-davenport	yes	yes	4	1	0		normalTerminology|freeFraming|remoteUi	MERGE_CANDIDATE_REQUIRES_GSC
/blog/laundry-aviana-resort	blog/laundry-aviana-resort.html	2026-07-16	1	Vacation Rental Laundry at Aviana Resort, Davenport — Turnover & Wash & Fold | A7 Laundry	Turnover laundry at Aviana Resort , done right.	https://a7laundry.com/blog/laundry-aviana-resort	yes	yes	4	1	0		normalTerminology|freeFraming|remoteUi	MERGE_CANDIDATE_REQUIRES_GSC
/blog/laundry-providence-resort	blog/laundry-providence-resort.html	2026-07-16	1	Vacation Rental Laundry at Providence Resort, Davenport — Turnover & Wash & Fold | A7 Laundry	Hotel-clean linens for every Providence stay .	https://a7laundry.com/blog/laundry-providence-resort	yes	yes	4	1	0		normalTerminology|freeFraming|remoteUi	MERGE_CANDIDATE_REQUIRES_GSC
/blog/laundry-highlands-reserve	blog/laundry-highlands-reserve.html	2026-07-16	1	Vacation Rental Laundry at Highlands Reserve, Davenport — Turnover & Wash & Fold | A7 Laundry	Fresh linens for every Highlands Reserve stay .	https://a7laundry.com/blog/laundry-highlands-reserve	yes	yes	4	1	0		normalTerminology|freeFraming|remoteUi	MERGE_CANDIDATE_REQUIRES_GSC
/blog/laundry-tuscan-hills-davenport	blog/laundry-tuscan-hills-davenport.html	2026-07-16	1	Vacation Rental Laundry at Tuscan Hills, Davenport — Turnover & Wash & Fold | A7 Laundry	Turnover laundry at Tuscan Hills , done right.	https://a7laundry.com/blog/laundry-tuscan-hills-davenport	yes	yes	4	1	0		normalTerminology|freeFraming|remoteUi	MERGE_CANDIDATE_REQUIRES_GSC
/blog/laundry-watersong-resort	blog/laundry-watersong-resort.html	2026-07-16	1	Vacation Rental Laundry at Watersong Resort, Davenport — Turnover & Wash & Fold | A7 Laundry	Hotel-clean sheets for every Watersong stay .	https://a7laundry.com/blog/laundry-watersong-resort	yes	yes	4	1	0		normalTerminology|freeFraming|remoteUi	MERGE_CANDIDATE_REQUIRES_GSC
/blog/laundry-west-haven-davenport	blog/laundry-west-haven-davenport.html	2026-07-16	1	Vacation Rental Laundry at West Haven, Davenport — Turnover & Wash & Fold | A7 Laundry	Fresh linens for every West Haven stay .	https://a7laundry.com/blog/laundry-west-haven-davenport	yes	yes	4	1	0		normalTerminology|freeFraming|remoteUi	MERGE_CANDIDATE_REQUIRES_GSC
/blog/laundry-oasis-club-championsgate	blog/laundry-oasis-club-championsgate.html	2026-07-16	1	Vacation Rental Laundry at Oasis Club at ChampionsGate, ChampionsGate — Turnover & Wash & Fold | A7 Laundry	Turnover laundry at Oasis Club , done right.	https://a7laundry.com/blog/laundry-oasis-club-championsgate	yes	yes	4	1	0		normalTerminology|freeFraming|remoteUi	MERGE_CANDIDATE_REQUIRES_GSC
/blog/laundry-retreat-championsgate	blog/laundry-retreat-championsgate.html	2026-07-16	1	Vacation Rental Laundry at The Retreat at ChampionsGate, ChampionsGate — Turnover & Wash & Fold | A7 Laundry	Hotel-clean linens for every Retreat stay .	https://a7laundry.com/blog/laundry-retreat-championsgate	yes	yes	4	1	0		normalTerminology|freeFraming|remoteUi	MERGE_CANDIDATE_REQUIRES_GSC
/blog/laundry-balmoral-resort	blog/laundry-balmoral-resort.html	2026-07-16	1	Vacation Rental Laundry at Balmoral Resort, Haines City — Turnover & Wash & Fold | A7 Laundry	Fresh linens for every Balmoral Resort stay .	https://a7laundry.com/blog/laundry-balmoral-resort	yes	yes	4	1	0		normalTerminology|freeFraming|remoteUi	MERGE_CANDIDATE_REQUIRES_GSC
/blog/laundry-cost-orlando	blog/laundry-cost-orlando.html	2026-07-16	1	How Much Does Laundry Cost in Orlando? 2026 Price Guide | A7 Laundry	What laundry really costs in Orlando.	https://a7laundry.com/blog/laundry-cost-orlando	yes	yes	4	1	0		normalTerminology|freeFraming|remoteUi	REFRESH_OR_MERGE_REQUIRES_GSC
/blog/linen-towel-service-orlando	blog/linen-towel-service-orlando.html	2026-07-16	1	Commercial Linen & Towel Service in Orlando — Hotels, Spas, Gyms & Rentals | A7 Laundry	Fresh linens & towels, on schedule .	https://a7laundry.com/blog/linen-towel-service-orlando	yes	yes	5	1	0		freeFraming|remoteUi	REFRESH_OR_MERGE_REQUIRES_GSC
/area-rug	area-rug-cleaning.html	2026-07-16	1	Area Rug Cleaning & Pickup in Orlando — Oriental, Wool & More | A7 Laundry	Your rugs, deep-cleaned and refreshed.	https://a7laundry.com/area-rug	yes	yes	5	2	0		freeFraming|remoteUi	SEPARATE_SERVICE_SCOPE_REVIEW
/curtain	curtain-cleaning.html	2026-07-16	1	Curtain & Drapery Cleaning in Orlando — Fresh, No Shrinking | A7 Laundry	Curtains that come back fresh , never shrunk.	https://a7laundry.com/curtain	yes	yes	5	1	0		freeFraming|remoteUi	SEPARATE_SERVICE_SCOPE_REVIEW
/blog/laundry-thornton-park	blog/laundry-thornton-park.html	2026-07-16	1	Laundry Pickup & Delivery in Thornton Park, Orlando — Wash & Fold | A7 Laundry	Thornton Park laundry, picked up & delivered.	https://a7laundry.com/blog/laundry-thornton-park	yes	yes	4	1	0		normalTerminology|freeFraming|remoteUi	REFRESH_OR_MERGE_REQUIRES_GSC
/blog/laundry-college-park	blog/laundry-college-park.html	2026-07-16	1	Laundry Pickup & Delivery in College Park, Orlando — Wash & Fold | A7 Laundry	College Park laundry, done at your door.	https://a7laundry.com/blog/laundry-college-park	yes	yes	4	1	0		normalTerminology|freeFraming|remoteUi	REFRESH_OR_MERGE_REQUIRES_GSC
/blog/laundry-southchase	blog/laundry-southchase.html	2026-07-16	1	Laundry Pickup & Delivery in Southchase, Orlando — Wash & Fold | A7 Laundry	Southchase laundry, off your to-do list.	https://a7laundry.com/blog/laundry-southchase	yes	yes	4	1	0		normalTerminology|freeFraming|remoteUi	REFRESH_OR_MERGE_REQUIRES_GSC
/blog/laundry-celebration	blog/laundry-celebration.html	2026-07-16	1	Laundry Pickup & Delivery in Celebration, Orlando — Wash & Fold | A7 Laundry	Celebration laundry, washed & folded.	https://a7laundry.com/blog/laundry-celebration	yes	yes	4	1	0		normalTerminology|freeFraming|remoteUi	REFRESH_OR_MERGE_REQUIRES_GSC
/blog/laundry-sand-lake-restaurant-row	blog/laundry-sand-lake-restaurant-row.html	2026-07-16	1	Laundry Pickup & Delivery in Sand Lake / Restaurant Row, Orlando — Wash & Fold | A7 Laundry	Sand Lake laundry, picked up & delivered.	https://a7laundry.com/blog/laundry-sand-lake-restaurant-row	yes	yes	4	1	0		normalTerminology|freeFraming|remoteUi	REFRESH_OR_MERGE_REQUIRES_GSC
/blog/laundry-near-seaworld-orlando	blog/laundry-near-seaworld-orlando.html	2026-07-16	2	Laundry Near SeaWorld Orlando — Wash & Fold Pickup & Delivery | A7 Laundry	Laundry near SeaWorld Orlando, done for you.	https://a7laundry.com/blog/laundry-near-seaworld-orlando	yes	yes	4	1	0		normalTerminology|freeFraming|remoteUi	REFRESH_OR_MERGE_REQUIRES_GSC
/blog/laundry-lake-buena-vista	blog/laundry-lake-buena-vista.html	2026-08-21	8	Hotel Laundry Pickup Lake Buena Vista | A7 Laundry	Hotel laundry pickup. Keep your day.	https://a7laundry.com/blog/laundry-lake-buena-vista	yes	yes	7	3	0	SEO-LBV-V2|SEO-LBV-PROOF|SEO-LBV-HOTELS|SEO-LBV-SMS|SEO-LBV-FLOAT		KEEP_VALIDATED
/blog/laundry-convention-center-orlando	blog/laundry-convention-center-orlando.html	2026-07-16	2	Laundry Near Orange County Convention Center — Wash & Fold Pickup & Delivery | A7 Laundry	Laundry near the Convention Center , handled overnight.	https://a7laundry.com/blog/laundry-convention-center-orlando	yes	yes	4	1	0		normalTerminology|freeFraming|remoteUi	REFRESH_OR_MERGE_REQUIRES_GSC
/blog/laundry-port-canaveral-cruise	blog/laundry-port-canaveral-cruise.html	2026-07-16	1	Laundry Before a Cruise from Port Canaveral — Pre-Cruise Wash & Fold | A7 Laundry Orlando	Laundry before your cruise from Port Canaveral.	https://a7laundry.com/blog/laundry-port-canaveral-cruise	yes	yes	4	1	0		normalTerminology|freeFraming|remoteUi	REFRESH_OR_MERGE_REQUIRES_GSC
/blog/snowbird-laundry-orlando	blog/snowbird-laundry-orlando.html	2026-07-16	1	Snowbird Laundry in Orlando — Monthly & Long-Stay Wash & Fold Pickup | A7 Laundry	Snowbird laundry, handled all season.	https://a7laundry.com/blog/snowbird-laundry-orlando	yes	yes	4	1	0		normalTerminology|freeFraming|remoteUi	REFRESH_OR_MERGE_REQUIRES_GSC
/blog/orlando-hotel-no-washer-laundry	blog/orlando-hotel-no-washer-laundry.html	2026-07-16	1	Orlando Hotel With No Washer? Laundry Pickup & Hotel Return | A7 Laundry	Hotel with no washer? We'll handle the laundry.	https://a7laundry.com/blog/orlando-hotel-no-washer-laundry	yes	yes	4	1	0		normalTerminology|freeFraming|remoteUi	REFRESH_OR_MERGE_REQUIRES_GSC
